{
  "best_algorithm": "cf_knn_pearson",
  "best_alpha": 0.2,
  "local_blend": {
    "rf": 0.501,
    "gbm": 0.499
  },
  "algorithms": {
    "baseline": {
      "rmse": 1.3540342706111923,
      "mae": 1.1168145833333334
    },
    "cf_knn_pearson": {
      "rmse": 1.421848821801728,
      "mae": 1.150864656892535
    },
    "random_forest": {
      "rmse": 2.0659210665142953,
      "mae": 1.7894147757578422
    },
    "gradient_boosting": {
      "rmse": 2.072652903318471,
      "mae": 1.8003436681312588
    },
    "hybrid_cf_rf": {
      "rmse": 1.421848821801728,
      "mae": 1.150864656892535,
      "alpha": 1.0
    },
    "hybrid_triple": {
      "rmse": 1.903907265323517,
      "mae": 1.6644153175525573
    }
  },
  "sample_size": 300
}